Year,Units,Series,Value
2012,,a) Corruption Perception Index in Germany,79.0
2013,,a) Corruption Perception Index in Germany,78.0
2014,,a) Corruption Perception Index in Germany,79.0
2015,,a) Corruption Perception Index in Germany,81.0
2016,,a) Corruption Perception Index in Germany,81.0
2017,,a) Corruption Perception Index in Germany,81.0
2018,,a) Corruption Perception Index in Germany,80.0
2019,,a) Corruption Perception Index in Germany,80.0
2020,,a) Corruption Perception Index in Germany,80.0
2021,,a) Corruption Perception Index in Germany,80.0
2022,,a) Corruption Perception Index in Germany,79.0
2023,,a) Corruption Perception Index in Germany,78.0
2024,,a) Corruption Perception Index in Germany,75.0
2012,Number,b) Corruption Perceptions Index in the partner countries of German development cooperation,
2013,Number,b) Corruption Perceptions Index in the partner countries of German development cooperation,16.0
2014,Number,b) Corruption Perceptions Index in the partner countries of German development cooperation,30.0
2015,Number,b) Corruption Perceptions Index in the partner countries of German development cooperation,30.0
2016,Number,b) Corruption Perceptions Index in the partner countries of German development cooperation,31.0
2017,Number,b) Corruption Perceptions Index in the partner countries of German development cooperation,32.0
2018,Number,b) Corruption Perceptions Index in the partner countries of German development cooperation,31.0
2019,Number,b) Corruption Perceptions Index in the partner countries of German development cooperation,34.0
2020,Number,b) Corruption Perceptions Index in the partner countries of German development cooperation,36.0
2021,Number,b) Corruption Perceptions Index in the partner countries of German development cooperation,36.0
2022,Number,b) Corruption Perceptions Index in the partner countries of German development cooperation,30.0
2023,Number,b) Corruption Perceptions Index in the partner countries of German development cooperation,34.0
2024,Number,b) Corruption Perceptions Index in the partner countries of German development cooperation,32.0
