Year,Units,Geschlecht,Altersklasse,Value
1999,Prozent,,,10.7
2003,Prozent,,,11.7
2005,Prozent,,,12.5
2009,Prozent,,,13.3
2013,Prozent,,,14.1
2017,Prozent,,,14.789
2021,Prozent,,,15.402
2000,Prozent,,,
2001,Prozent,,,
2002,Prozent,,,
2004,Prozent,,,
2006,Prozent,,,
2007,Prozent,,,
2008,Prozent,,,
2010,Prozent,,,
2011,Prozent,,,
2012,Prozent,,,
2014,Prozent,,,
2015,Prozent,,,
2016,Prozent,,,
2018,Prozent,,,
2019,Prozent,,,
2020,Prozent,,,
1999,Prozent,,18 bis unter 20 Jahre,
2003,Prozent,,18 bis unter 20 Jahre,
2005,Prozent,,18 bis unter 20 Jahre,
2009,Prozent,,18 bis unter 20 Jahre,
2013,Prozent,,18 bis unter 20 Jahre,3.473
2017,Prozent,,18 bis unter 20 Jahre,4.241
2021,Prozent,,18 bis unter 20 Jahre,5.504
2000,Prozent,,18 bis unter 20 Jahre,
2001,Prozent,,18 bis unter 20 Jahre,
2002,Prozent,,18 bis unter 20 Jahre,
2004,Prozent,,18 bis unter 20 Jahre,
2006,Prozent,,18 bis unter 20 Jahre,
2007,Prozent,,18 bis unter 20 Jahre,
2008,Prozent,,18 bis unter 20 Jahre,
2010,Prozent,,18 bis unter 20 Jahre,
2011,Prozent,,18 bis unter 20 Jahre,
2012,Prozent,,18 bis unter 20 Jahre,
2014,Prozent,,18 bis unter 20 Jahre,
2015,Prozent,,18 bis unter 20 Jahre,
2016,Prozent,,18 bis unter 20 Jahre,
2018,Prozent,,18 bis unter 20 Jahre,
2019,Prozent,,18 bis unter 20 Jahre,
2020,Prozent,,18 bis unter 20 Jahre,
1999,Prozent,,20 bis unter 25 Jahre,
2003,Prozent,,20 bis unter 25 Jahre,
2005,Prozent,,20 bis unter 25 Jahre,
2009,Prozent,,20 bis unter 25 Jahre,
2013,Prozent,,20 bis unter 25 Jahre,5.597
2017,Prozent,,20 bis unter 25 Jahre,6.013
2021,Prozent,,20 bis unter 25 Jahre,6.35
2000,Prozent,,20 bis unter 25 Jahre,
2001,Prozent,,20 bis unter 25 Jahre,
2002,Prozent,,20 bis unter 25 Jahre,
2004,Prozent,,20 bis unter 25 Jahre,
2006,Prozent,,20 bis unter 25 Jahre,
2007,Prozent,,20 bis unter 25 Jahre,
2008,Prozent,,20 bis unter 25 Jahre,
2010,Prozent,,20 bis unter 25 Jahre,
2011,Prozent,,20 bis unter 25 Jahre,
2012,Prozent,,20 bis unter 25 Jahre,
2014,Prozent,,20 bis unter 25 Jahre,
2015,Prozent,,20 bis unter 25 Jahre,
2016,Prozent,,20 bis unter 25 Jahre,
2018,Prozent,,20 bis unter 25 Jahre,
2019,Prozent,,20 bis unter 25 Jahre,
2020,Prozent,,20 bis unter 25 Jahre,
1999,Prozent,,25 bis unter 30 Jahre,
2003,Prozent,,25 bis unter 30 Jahre,
2005,Prozent,,25 bis unter 30 Jahre,
2009,Prozent,,25 bis unter 30 Jahre,
2013,Prozent,,25 bis unter 30 Jahre,8.023
2017,Prozent,,25 bis unter 30 Jahre,9.416
2021,Prozent,,25 bis unter 30 Jahre,10.863
2000,Prozent,,25 bis unter 30 Jahre,
2001,Prozent,,25 bis unter 30 Jahre,
2002,Prozent,,25 bis unter 30 Jahre,
2004,Prozent,,25 bis unter 30 Jahre,
2006,Prozent,,25 bis unter 30 Jahre,
2007,Prozent,,25 bis unter 30 Jahre,
2008,Prozent,,25 bis unter 30 Jahre,
2010,Prozent,,25 bis unter 30 Jahre,
2011,Prozent,,25 bis unter 30 Jahre,
2012,Prozent,,25 bis unter 30 Jahre,
2014,Prozent,,25 bis unter 30 Jahre,
2015,Prozent,,25 bis unter 30 Jahre,
2016,Prozent,,25 bis unter 30 Jahre,
2018,Prozent,,25 bis unter 30 Jahre,
2019,Prozent,,25 bis unter 30 Jahre,
2020,Prozent,,25 bis unter 30 Jahre,
1999,Prozent,,30 bis unter 35 Jahre,
2003,Prozent,,30 bis unter 35 Jahre,
2005,Prozent,,30 bis unter 35 Jahre,
2009,Prozent,,30 bis unter 35 Jahre,
2013,Prozent,,30 bis unter 35 Jahre,10.891
2017,Prozent,,30 bis unter 35 Jahre,11.866
2021,Prozent,,30 bis unter 35 Jahre,13.96
2000,Prozent,,30 bis unter 35 Jahre,
2001,Prozent,,30 bis unter 35 Jahre,
2002,Prozent,,30 bis unter 35 Jahre,
2004,Prozent,,30 bis unter 35 Jahre,
2006,Prozent,,30 bis unter 35 Jahre,
2007,Prozent,,30 bis unter 35 Jahre,
2008,Prozent,,30 bis unter 35 Jahre,
2010,Prozent,,30 bis unter 35 Jahre,
2011,Prozent,,30 bis unter 35 Jahre,
2012,Prozent,,30 bis unter 35 Jahre,
2014,Prozent,,30 bis unter 35 Jahre,
2015,Prozent,,30 bis unter 35 Jahre,
2016,Prozent,,30 bis unter 35 Jahre,
2018,Prozent,,30 bis unter 35 Jahre,
2019,Prozent,,30 bis unter 35 Jahre,
2020,Prozent,,30 bis unter 35 Jahre,
1999,Prozent,,35 bis unter 40 Jahre,
2003,Prozent,,35 bis unter 40 Jahre,
2005,Prozent,,35 bis unter 40 Jahre,
2009,Prozent,,35 bis unter 40 Jahre,
2013,Prozent,,35 bis unter 40 Jahre,12.713
2017,Prozent,,35 bis unter 40 Jahre,13.308
2021,Prozent,,35 bis unter 40 Jahre,14.524
2000,Prozent,,35 bis unter 40 Jahre,
2001,Prozent,,35 bis unter 40 Jahre,
2002,Prozent,,35 bis unter 40 Jahre,
2004,Prozent,,35 bis unter 40 Jahre,
2006,Prozent,,35 bis unter 40 Jahre,
2007,Prozent,,35 bis unter 40 Jahre,
2008,Prozent,,35 bis unter 40 Jahre,
2010,Prozent,,35 bis unter 40 Jahre,
2011,Prozent,,35 bis unter 40 Jahre,
2012,Prozent,,35 bis unter 40 Jahre,
2014,Prozent,,35 bis unter 40 Jahre,
2015,Prozent,,35 bis unter 40 Jahre,
2016,Prozent,,35 bis unter 40 Jahre,
2018,Prozent,,35 bis unter 40 Jahre,
2019,Prozent,,35 bis unter 40 Jahre,
2020,Prozent,,35 bis unter 40 Jahre,
1999,Prozent,,40 bis unter 45 Jahre,
2003,Prozent,,40 bis unter 45 Jahre,
2005,Prozent,,40 bis unter 45 Jahre,
2009,Prozent,,40 bis unter 45 Jahre,
2013,Prozent,,40 bis unter 45 Jahre,14.255
2017,Prozent,,40 bis unter 45 Jahre,15.673
2021,Prozent,,40 bis unter 45 Jahre,16.489
2000,Prozent,,40 bis unter 45 Jahre,
2001,Prozent,,40 bis unter 45 Jahre,
2002,Prozent,,40 bis unter 45 Jahre,
2004,Prozent,,40 bis unter 45 Jahre,
2006,Prozent,,40 bis unter 45 Jahre,
2007,Prozent,,40 bis unter 45 Jahre,
2008,Prozent,,40 bis unter 45 Jahre,
2010,Prozent,,40 bis unter 45 Jahre,
2011,Prozent,,40 bis unter 45 Jahre,
2012,Prozent,,40 bis unter 45 Jahre,
2014,Prozent,,40 bis unter 45 Jahre,
2015,Prozent,,40 bis unter 45 Jahre,
2016,Prozent,,40 bis unter 45 Jahre,
2018,Prozent,,40 bis unter 45 Jahre,
2019,Prozent,,40 bis unter 45 Jahre,
2020,Prozent,,40 bis unter 45 Jahre,
1999,Prozent,,45 bis unter 50 Jahre,
2003,Prozent,,45 bis unter 50 Jahre,
2005,Prozent,,45 bis unter 50 Jahre,
2009,Prozent,,45 bis unter 50 Jahre,
2013,Prozent,,45 bis unter 50 Jahre,15.221
2017,Prozent,,45 bis unter 50 Jahre,16.237
2021,Prozent,,45 bis unter 50 Jahre,19.794
2000,Prozent,,45 bis unter 50 Jahre,
2001,Prozent,,45 bis unter 50 Jahre,
2002,Prozent,,45 bis unter 50 Jahre,
2004,Prozent,,45 bis unter 50 Jahre,
2006,Prozent,,45 bis unter 50 Jahre,
2007,Prozent,,45 bis unter 50 Jahre,
2008,Prozent,,45 bis unter 50 Jahre,
2010,Prozent,,45 bis unter 50 Jahre,
2011,Prozent,,45 bis unter 50 Jahre,
2012,Prozent,,45 bis unter 50 Jahre,
2014,Prozent,,45 bis unter 50 Jahre,
2015,Prozent,,45 bis unter 50 Jahre,
2016,Prozent,,45 bis unter 50 Jahre,
2018,Prozent,,45 bis unter 50 Jahre,
2019,Prozent,,45 bis unter 50 Jahre,
2020,Prozent,,45 bis unter 50 Jahre,
1999,Prozent,,50 bis unter 55 Jahre,
2003,Prozent,,50 bis unter 55 Jahre,
2005,Prozent,,50 bis unter 55 Jahre,
2009,Prozent,,50 bis unter 55 Jahre,
2013,Prozent,,50 bis unter 55 Jahre,17.709
2017,Prozent,,50 bis unter 55 Jahre,17.994
2021,Prozent,,50 bis unter 55 Jahre,18.834
2000,Prozent,,50 bis unter 55 Jahre,
2001,Prozent,,50 bis unter 55 Jahre,
2002,Prozent,,50 bis unter 55 Jahre,
2004,Prozent,,50 bis unter 55 Jahre,
2006,Prozent,,50 bis unter 55 Jahre,
2007,Prozent,,50 bis unter 55 Jahre,
2008,Prozent,,50 bis unter 55 Jahre,
2010,Prozent,,50 bis unter 55 Jahre,
2011,Prozent,,50 bis unter 55 Jahre,
2012,Prozent,,50 bis unter 55 Jahre,
2014,Prozent,,50 bis unter 55 Jahre,
2015,Prozent,,50 bis unter 55 Jahre,
2016,Prozent,,50 bis unter 55 Jahre,
2018,Prozent,,50 bis unter 55 Jahre,
2019,Prozent,,50 bis unter 55 Jahre,
2020,Prozent,,50 bis unter 55 Jahre,
1999,Prozent,,55 bis unter 60 Jahre,
2003,Prozent,,55 bis unter 60 Jahre,
2005,Prozent,,55 bis unter 60 Jahre,
2009,Prozent,,55 bis unter 60 Jahre,
2013,Prozent,,55 bis unter 60 Jahre,19.977
2017,Prozent,,55 bis unter 60 Jahre,19.669
2021,Prozent,,55 bis unter 60 Jahre,19.644
2000,Prozent,,55 bis unter 60 Jahre,
2001,Prozent,,55 bis unter 60 Jahre,
2002,Prozent,,55 bis unter 60 Jahre,
2004,Prozent,,55 bis unter 60 Jahre,
2006,Prozent,,55 bis unter 60 Jahre,
2007,Prozent,,55 bis unter 60 Jahre,
2008,Prozent,,55 bis unter 60 Jahre,
2010,Prozent,,55 bis unter 60 Jahre,
2011,Prozent,,55 bis unter 60 Jahre,
2012,Prozent,,55 bis unter 60 Jahre,
2014,Prozent,,55 bis unter 60 Jahre,
2015,Prozent,,55 bis unter 60 Jahre,
2016,Prozent,,55 bis unter 60 Jahre,
2018,Prozent,,55 bis unter 60 Jahre,
2019,Prozent,,55 bis unter 60 Jahre,
2020,Prozent,,55 bis unter 60 Jahre,
1999,Prozent,,60 bis unter 65 Jahre,
2003,Prozent,,60 bis unter 65 Jahre,
2005,Prozent,,60 bis unter 65 Jahre,
2009,Prozent,,60 bis unter 65 Jahre,
2013,Prozent,,60 bis unter 65 Jahre,22.704
2017,Prozent,,60 bis unter 65 Jahre,21.982
2021,Prozent,,60 bis unter 65 Jahre,21.094
2000,Prozent,,60 bis unter 65 Jahre,
2001,Prozent,,60 bis unter 65 Jahre,
2002,Prozent,,60 bis unter 65 Jahre,
2004,Prozent,,60 bis unter 65 Jahre,
2006,Prozent,,60 bis unter 65 Jahre,
2007,Prozent,,60 bis unter 65 Jahre,
2008,Prozent,,60 bis unter 65 Jahre,
2010,Prozent,,60 bis unter 65 Jahre,
2011,Prozent,,60 bis unter 65 Jahre,
2012,Prozent,,60 bis unter 65 Jahre,
2014,Prozent,,60 bis unter 65 Jahre,
2015,Prozent,,60 bis unter 65 Jahre,
2016,Prozent,,60 bis unter 65 Jahre,
2018,Prozent,,60 bis unter 65 Jahre,
2019,Prozent,,60 bis unter 65 Jahre,
2020,Prozent,,60 bis unter 65 Jahre,
1999,Prozent,,65 bis unter 70 Jahre,
2003,Prozent,,65 bis unter 70 Jahre,
2005,Prozent,,65 bis unter 70 Jahre,
2009,Prozent,,65 bis unter 70 Jahre,
2013,Prozent,,65 bis unter 70 Jahre,21.943
2017,Prozent,,65 bis unter 70 Jahre,23.506
2021,Prozent,,65 bis unter 70 Jahre,21.126
2000,Prozent,,65 bis unter 70 Jahre,
2001,Prozent,,65 bis unter 70 Jahre,
2002,Prozent,,65 bis unter 70 Jahre,
2004,Prozent,,65 bis unter 70 Jahre,
2006,Prozent,,65 bis unter 70 Jahre,
2007,Prozent,,65 bis unter 70 Jahre,
2008,Prozent,,65 bis unter 70 Jahre,
2010,Prozent,,65 bis unter 70 Jahre,
2011,Prozent,,65 bis unter 70 Jahre,
2012,Prozent,,65 bis unter 70 Jahre,
2014,Prozent,,65 bis unter 70 Jahre,
2015,Prozent,,65 bis unter 70 Jahre,
2016,Prozent,,65 bis unter 70 Jahre,
2018,Prozent,,65 bis unter 70 Jahre,
2019,Prozent,,65 bis unter 70 Jahre,
2020,Prozent,,65 bis unter 70 Jahre,
1999,Prozent,,70 bis unter 75 Jahre,
2003,Prozent,,70 bis unter 75 Jahre,
2005,Prozent,,70 bis unter 75 Jahre,
2009,Prozent,,70 bis unter 75 Jahre,
2013,Prozent,,70 bis unter 75 Jahre,20.257
2017,Prozent,,70 bis unter 75 Jahre,21.164
2021,Prozent,,70 bis unter 75 Jahre,21.283
2000,Prozent,,70 bis unter 75 Jahre,
2001,Prozent,,70 bis unter 75 Jahre,
2002,Prozent,,70 bis unter 75 Jahre,
2004,Prozent,,70 bis unter 75 Jahre,
2006,Prozent,,70 bis unter 75 Jahre,
2007,Prozent,,70 bis unter 75 Jahre,
2008,Prozent,,70 bis unter 75 Jahre,
2010,Prozent,,70 bis unter 75 Jahre,
2011,Prozent,,70 bis unter 75 Jahre,
2012,Prozent,,70 bis unter 75 Jahre,
2014,Prozent,,70 bis unter 75 Jahre,
2015,Prozent,,70 bis unter 75 Jahre,
2016,Prozent,,70 bis unter 75 Jahre,
2018,Prozent,,70 bis unter 75 Jahre,
2019,Prozent,,70 bis unter 75 Jahre,
2020,Prozent,,70 bis unter 75 Jahre,
1999,Prozent,,75 Jahre und älter,
2003,Prozent,,75 Jahre und älter,
2005,Prozent,,75 Jahre und älter,
2009,Prozent,,75 Jahre und älter,
2013,Prozent,,75 Jahre und älter,17.403
2017,Prozent,,75 Jahre und älter,17.837
2021,Prozent,,75 Jahre und älter,16.281
2000,Prozent,,75 Jahre und älter,
2001,Prozent,,75 Jahre und älter,
2002,Prozent,,75 Jahre und älter,
2004,Prozent,,75 Jahre und älter,
2006,Prozent,,75 Jahre und älter,
2007,Prozent,,75 Jahre und älter,
2008,Prozent,,75 Jahre und älter,
2010,Prozent,,75 Jahre und älter,
2011,Prozent,,75 Jahre und älter,
2012,Prozent,,75 Jahre und älter,
2014,Prozent,,75 Jahre und älter,
2015,Prozent,,75 Jahre und älter,
2016,Prozent,,75 Jahre und älter,
2018,Prozent,,75 Jahre und älter,
2019,Prozent,,75 Jahre und älter,
2020,Prozent,,75 Jahre und älter,
1999,Prozent,Weiblich,,10.2
2003,Prozent,Weiblich,,11.2
2005,Prozent,Weiblich,,11.8
2009,Prozent,Weiblich,,12.4
2013,Prozent,Weiblich,,12.8
2017,Prozent,Weiblich,,13.047
2021,Prozent,Weiblich,,13.226
2000,Prozent,Weiblich,,
2001,Prozent,Weiblich,,
2002,Prozent,Weiblich,,
2004,Prozent,Weiblich,,
2006,Prozent,Weiblich,,
2007,Prozent,Weiblich,,
2008,Prozent,Weiblich,,
2010,Prozent,Weiblich,,
2011,Prozent,Weiblich,,
2012,Prozent,Weiblich,,
2014,Prozent,Weiblich,,
2015,Prozent,Weiblich,,
2016,Prozent,Weiblich,,
2018,Prozent,Weiblich,,
2019,Prozent,Weiblich,,
2020,Prozent,Weiblich,,
1999,Prozent,Weiblich,18 bis unter 20 Jahre,
2003,Prozent,Weiblich,18 bis unter 20 Jahre,
2005,Prozent,Weiblich,18 bis unter 20 Jahre,
2009,Prozent,Weiblich,18 bis unter 20 Jahre,
2013,Prozent,Weiblich,18 bis unter 20 Jahre,2.814
2017,Prozent,Weiblich,18 bis unter 20 Jahre,3.402
2021,Prozent,Weiblich,18 bis unter 20 Jahre,
2000,Prozent,Weiblich,18 bis unter 20 Jahre,
2001,Prozent,Weiblich,18 bis unter 20 Jahre,
2002,Prozent,Weiblich,18 bis unter 20 Jahre,
2004,Prozent,Weiblich,18 bis unter 20 Jahre,
2006,Prozent,Weiblich,18 bis unter 20 Jahre,
2007,Prozent,Weiblich,18 bis unter 20 Jahre,
2008,Prozent,Weiblich,18 bis unter 20 Jahre,
2010,Prozent,Weiblich,18 bis unter 20 Jahre,
2011,Prozent,Weiblich,18 bis unter 20 Jahre,
2012,Prozent,Weiblich,18 bis unter 20 Jahre,
2014,Prozent,Weiblich,18 bis unter 20 Jahre,
2015,Prozent,Weiblich,18 bis unter 20 Jahre,
2016,Prozent,Weiblich,18 bis unter 20 Jahre,
2018,Prozent,Weiblich,18 bis unter 20 Jahre,
2019,Prozent,Weiblich,18 bis unter 20 Jahre,
2020,Prozent,Weiblich,18 bis unter 20 Jahre,
1999,Prozent,Weiblich,20 bis unter 25 Jahre,
2003,Prozent,Weiblich,20 bis unter 25 Jahre,
2005,Prozent,Weiblich,20 bis unter 25 Jahre,
2009,Prozent,Weiblich,20 bis unter 25 Jahre,
2013,Prozent,Weiblich,20 bis unter 25 Jahre,4.952
2017,Prozent,Weiblich,20 bis unter 25 Jahre,4.886
2021,Prozent,Weiblich,20 bis unter 25 Jahre,5.302
2000,Prozent,Weiblich,20 bis unter 25 Jahre,
2001,Prozent,Weiblich,20 bis unter 25 Jahre,
2002,Prozent,Weiblich,20 bis unter 25 Jahre,
2004,Prozent,Weiblich,20 bis unter 25 Jahre,
2006,Prozent,Weiblich,20 bis unter 25 Jahre,
2007,Prozent,Weiblich,20 bis unter 25 Jahre,
2008,Prozent,Weiblich,20 bis unter 25 Jahre,
2010,Prozent,Weiblich,20 bis unter 25 Jahre,
2011,Prozent,Weiblich,20 bis unter 25 Jahre,
2012,Prozent,Weiblich,20 bis unter 25 Jahre,
2014,Prozent,Weiblich,20 bis unter 25 Jahre,
2015,Prozent,Weiblich,20 bis unter 25 Jahre,
2016,Prozent,Weiblich,20 bis unter 25 Jahre,
2018,Prozent,Weiblich,20 bis unter 25 Jahre,
2019,Prozent,Weiblich,20 bis unter 25 Jahre,
2020,Prozent,Weiblich,20 bis unter 25 Jahre,
1999,Prozent,Weiblich,25 bis unter 30 Jahre,
2003,Prozent,Weiblich,25 bis unter 30 Jahre,
2005,Prozent,Weiblich,25 bis unter 30 Jahre,
2009,Prozent,Weiblich,25 bis unter 30 Jahre,
2013,Prozent,Weiblich,25 bis unter 30 Jahre,7.15
2017,Prozent,Weiblich,25 bis unter 30 Jahre,8.037
2021,Prozent,Weiblich,25 bis unter 30 Jahre,8.958
2000,Prozent,Weiblich,25 bis unter 30 Jahre,
2001,Prozent,Weiblich,25 bis unter 30 Jahre,
2002,Prozent,Weiblich,25 bis unter 30 Jahre,
2004,Prozent,Weiblich,25 bis unter 30 Jahre,
2006,Prozent,Weiblich,25 bis unter 30 Jahre,
2007,Prozent,Weiblich,25 bis unter 30 Jahre,
2008,Prozent,Weiblich,25 bis unter 30 Jahre,
2010,Prozent,Weiblich,25 bis unter 30 Jahre,
2011,Prozent,Weiblich,25 bis unter 30 Jahre,
2012,Prozent,Weiblich,25 bis unter 30 Jahre,
2014,Prozent,Weiblich,25 bis unter 30 Jahre,
2015,Prozent,Weiblich,25 bis unter 30 Jahre,
2016,Prozent,Weiblich,25 bis unter 30 Jahre,
2018,Prozent,Weiblich,25 bis unter 30 Jahre,
2019,Prozent,Weiblich,25 bis unter 30 Jahre,
2020,Prozent,Weiblich,25 bis unter 30 Jahre,
1999,Prozent,Weiblich,30 bis unter 35 Jahre,
2003,Prozent,Weiblich,30 bis unter 35 Jahre,
2005,Prozent,Weiblich,30 bis unter 35 Jahre,
2009,Prozent,Weiblich,30 bis unter 35 Jahre,
2013,Prozent,Weiblich,30 bis unter 35 Jahre,9.543
2017,Prozent,Weiblich,30 bis unter 35 Jahre,10.136
2021,Prozent,Weiblich,30 bis unter 35 Jahre,12.29
2000,Prozent,Weiblich,30 bis unter 35 Jahre,
2001,Prozent,Weiblich,30 bis unter 35 Jahre,
2002,Prozent,Weiblich,30 bis unter 35 Jahre,
2004,Prozent,Weiblich,30 bis unter 35 Jahre,
2006,Prozent,Weiblich,30 bis unter 35 Jahre,
2007,Prozent,Weiblich,30 bis unter 35 Jahre,
2008,Prozent,Weiblich,30 bis unter 35 Jahre,
2010,Prozent,Weiblich,30 bis unter 35 Jahre,
2011,Prozent,Weiblich,30 bis unter 35 Jahre,
2012,Prozent,Weiblich,30 bis unter 35 Jahre,
2014,Prozent,Weiblich,30 bis unter 35 Jahre,
2015,Prozent,Weiblich,30 bis unter 35 Jahre,
2016,Prozent,Weiblich,30 bis unter 35 Jahre,
2018,Prozent,Weiblich,30 bis unter 35 Jahre,
2019,Prozent,Weiblich,30 bis unter 35 Jahre,
2020,Prozent,Weiblich,30 bis unter 35 Jahre,
1999,Prozent,Weiblich,35 bis unter 40 Jahre,
2003,Prozent,Weiblich,35 bis unter 40 Jahre,
2005,Prozent,Weiblich,35 bis unter 40 Jahre,
2009,Prozent,Weiblich,35 bis unter 40 Jahre,
2013,Prozent,Weiblich,35 bis unter 40 Jahre,10.402
2017,Prozent,Weiblich,35 bis unter 40 Jahre,10.833
2021,Prozent,Weiblich,35 bis unter 40 Jahre,11.281
2000,Prozent,Weiblich,35 bis unter 40 Jahre,
2001,Prozent,Weiblich,35 bis unter 40 Jahre,
2002,Prozent,Weiblich,35 bis unter 40 Jahre,
2004,Prozent,Weiblich,35 bis unter 40 Jahre,
2006,Prozent,Weiblich,35 bis unter 40 Jahre,
2007,Prozent,Weiblich,35 bis unter 40 Jahre,
2008,Prozent,Weiblich,35 bis unter 40 Jahre,
2010,Prozent,Weiblich,35 bis unter 40 Jahre,
2011,Prozent,Weiblich,35 bis unter 40 Jahre,
2012,Prozent,Weiblich,35 bis unter 40 Jahre,
2014,Prozent,Weiblich,35 bis unter 40 Jahre,
2015,Prozent,Weiblich,35 bis unter 40 Jahre,
2016,Prozent,Weiblich,35 bis unter 40 Jahre,
2018,Prozent,Weiblich,35 bis unter 40 Jahre,
2019,Prozent,Weiblich,35 bis unter 40 Jahre,
2020,Prozent,Weiblich,35 bis unter 40 Jahre,
1999,Prozent,Weiblich,40 bis unter 45 Jahre,
2003,Prozent,Weiblich,40 bis unter 45 Jahre,
2005,Prozent,Weiblich,40 bis unter 45 Jahre,
2009,Prozent,Weiblich,40 bis unter 45 Jahre,
2013,Prozent,Weiblich,40 bis unter 45 Jahre,11.419
2017,Prozent,Weiblich,40 bis unter 45 Jahre,12.254
2021,Prozent,Weiblich,40 bis unter 45 Jahre,13.034
2000,Prozent,Weiblich,40 bis unter 45 Jahre,
2001,Prozent,Weiblich,40 bis unter 45 Jahre,
2002,Prozent,Weiblich,40 bis unter 45 Jahre,
2004,Prozent,Weiblich,40 bis unter 45 Jahre,
2006,Prozent,Weiblich,40 bis unter 45 Jahre,
2007,Prozent,Weiblich,40 bis unter 45 Jahre,
2008,Prozent,Weiblich,40 bis unter 45 Jahre,
2010,Prozent,Weiblich,40 bis unter 45 Jahre,
2011,Prozent,Weiblich,40 bis unter 45 Jahre,
2012,Prozent,Weiblich,40 bis unter 45 Jahre,
2014,Prozent,Weiblich,40 bis unter 45 Jahre,
2015,Prozent,Weiblich,40 bis unter 45 Jahre,
2016,Prozent,Weiblich,40 bis unter 45 Jahre,
2018,Prozent,Weiblich,40 bis unter 45 Jahre,
2019,Prozent,Weiblich,40 bis unter 45 Jahre,
2020,Prozent,Weiblich,40 bis unter 45 Jahre,
1999,Prozent,Weiblich,45 bis unter 50 Jahre,
2003,Prozent,Weiblich,45 bis unter 50 Jahre,
2005,Prozent,Weiblich,45 bis unter 50 Jahre,
2009,Prozent,Weiblich,45 bis unter 50 Jahre,
2013,Prozent,Weiblich,45 bis unter 50 Jahre,12.21
2017,Prozent,Weiblich,45 bis unter 50 Jahre,12.737
2021,Prozent,Weiblich,45 bis unter 50 Jahre,15.78
2000,Prozent,Weiblich,45 bis unter 50 Jahre,
2001,Prozent,Weiblich,45 bis unter 50 Jahre,
2002,Prozent,Weiblich,45 bis unter 50 Jahre,
2004,Prozent,Weiblich,45 bis unter 50 Jahre,
2006,Prozent,Weiblich,45 bis unter 50 Jahre,
2007,Prozent,Weiblich,45 bis unter 50 Jahre,
2008,Prozent,Weiblich,45 bis unter 50 Jahre,
2010,Prozent,Weiblich,45 bis unter 50 Jahre,
2011,Prozent,Weiblich,45 bis unter 50 Jahre,
2012,Prozent,Weiblich,45 bis unter 50 Jahre,
2014,Prozent,Weiblich,45 bis unter 50 Jahre,
2015,Prozent,Weiblich,45 bis unter 50 Jahre,
2016,Prozent,Weiblich,45 bis unter 50 Jahre,
2018,Prozent,Weiblich,45 bis unter 50 Jahre,
2019,Prozent,Weiblich,45 bis unter 50 Jahre,
2020,Prozent,Weiblich,45 bis unter 50 Jahre,
1999,Prozent,Weiblich,50 bis unter 55 Jahre,
2003,Prozent,Weiblich,50 bis unter 55 Jahre,
2005,Prozent,Weiblich,50 bis unter 55 Jahre,
2009,Prozent,Weiblich,50 bis unter 55 Jahre,
2013,Prozent,Weiblich,50 bis unter 55 Jahre,15.033
2017,Prozent,Weiblich,50 bis unter 55 Jahre,14.766
2021,Prozent,Weiblich,50 bis unter 55 Jahre,15.398
2000,Prozent,Weiblich,50 bis unter 55 Jahre,
2001,Prozent,Weiblich,50 bis unter 55 Jahre,
2002,Prozent,Weiblich,50 bis unter 55 Jahre,
2004,Prozent,Weiblich,50 bis unter 55 Jahre,
2006,Prozent,Weiblich,50 bis unter 55 Jahre,
2007,Prozent,Weiblich,50 bis unter 55 Jahre,
2008,Prozent,Weiblich,50 bis unter 55 Jahre,
2010,Prozent,Weiblich,50 bis unter 55 Jahre,
2011,Prozent,Weiblich,50 bis unter 55 Jahre,
2012,Prozent,Weiblich,50 bis unter 55 Jahre,
2014,Prozent,Weiblich,50 bis unter 55 Jahre,
2015,Prozent,Weiblich,50 bis unter 55 Jahre,
2016,Prozent,Weiblich,50 bis unter 55 Jahre,
2018,Prozent,Weiblich,50 bis unter 55 Jahre,
2019,Prozent,Weiblich,50 bis unter 55 Jahre,
2020,Prozent,Weiblich,50 bis unter 55 Jahre,
1999,Prozent,Weiblich,55 bis unter 60 Jahre,
2003,Prozent,Weiblich,55 bis unter 60 Jahre,
2005,Prozent,Weiblich,55 bis unter 60 Jahre,
2009,Prozent,Weiblich,55 bis unter 60 Jahre,
2013,Prozent,Weiblich,55 bis unter 60 Jahre,17.315
2017,Prozent,Weiblich,55 bis unter 60 Jahre,16.552
2021,Prozent,Weiblich,55 bis unter 60 Jahre,16.677
2000,Prozent,Weiblich,55 bis unter 60 Jahre,
2001,Prozent,Weiblich,55 bis unter 60 Jahre,
2002,Prozent,Weiblich,55 bis unter 60 Jahre,
2004,Prozent,Weiblich,55 bis unter 60 Jahre,
2006,Prozent,Weiblich,55 bis unter 60 Jahre,
2007,Prozent,Weiblich,55 bis unter 60 Jahre,
2008,Prozent,Weiblich,55 bis unter 60 Jahre,
2010,Prozent,Weiblich,55 bis unter 60 Jahre,
2011,Prozent,Weiblich,55 bis unter 60 Jahre,
2012,Prozent,Weiblich,55 bis unter 60 Jahre,
2014,Prozent,Weiblich,55 bis unter 60 Jahre,
2015,Prozent,Weiblich,55 bis unter 60 Jahre,
2016,Prozent,Weiblich,55 bis unter 60 Jahre,
2018,Prozent,Weiblich,55 bis unter 60 Jahre,
2019,Prozent,Weiblich,55 bis unter 60 Jahre,
2020,Prozent,Weiblich,55 bis unter 60 Jahre,
1999,Prozent,Weiblich,60 bis unter 65 Jahre,
2003,Prozent,Weiblich,60 bis unter 65 Jahre,
2005,Prozent,Weiblich,60 bis unter 65 Jahre,
2009,Prozent,Weiblich,60 bis unter 65 Jahre,
2013,Prozent,Weiblich,60 bis unter 65 Jahre,20.751
2017,Prozent,Weiblich,60 bis unter 65 Jahre,19.48
2021,Prozent,Weiblich,60 bis unter 65 Jahre,18.593
2000,Prozent,Weiblich,60 bis unter 65 Jahre,
2001,Prozent,Weiblich,60 bis unter 65 Jahre,
2002,Prozent,Weiblich,60 bis unter 65 Jahre,
2004,Prozent,Weiblich,60 bis unter 65 Jahre,
2006,Prozent,Weiblich,60 bis unter 65 Jahre,
2007,Prozent,Weiblich,60 bis unter 65 Jahre,
2008,Prozent,Weiblich,60 bis unter 65 Jahre,
2010,Prozent,Weiblich,60 bis unter 65 Jahre,
2011,Prozent,Weiblich,60 bis unter 65 Jahre,
2012,Prozent,Weiblich,60 bis unter 65 Jahre,
2014,Prozent,Weiblich,60 bis unter 65 Jahre,
2015,Prozent,Weiblich,60 bis unter 65 Jahre,
2016,Prozent,Weiblich,60 bis unter 65 Jahre,
2018,Prozent,Weiblich,60 bis unter 65 Jahre,
2019,Prozent,Weiblich,60 bis unter 65 Jahre,
2020,Prozent,Weiblich,60 bis unter 65 Jahre,
1999,Prozent,Weiblich,65 bis unter 70 Jahre,
2003,Prozent,Weiblich,65 bis unter 70 Jahre,
2005,Prozent,Weiblich,65 bis unter 70 Jahre,
2009,Prozent,Weiblich,65 bis unter 70 Jahre,
2013,Prozent,Weiblich,65 bis unter 70 Jahre,20.324
2017,Prozent,Weiblich,65 bis unter 70 Jahre,21.724
2021,Prozent,Weiblich,65 bis unter 70 Jahre,19.285
2000,Prozent,Weiblich,65 bis unter 70 Jahre,
2001,Prozent,Weiblich,65 bis unter 70 Jahre,
2002,Prozent,Weiblich,65 bis unter 70 Jahre,
2004,Prozent,Weiblich,65 bis unter 70 Jahre,
2006,Prozent,Weiblich,65 bis unter 70 Jahre,
2007,Prozent,Weiblich,65 bis unter 70 Jahre,
2008,Prozent,Weiblich,65 bis unter 70 Jahre,
2010,Prozent,Weiblich,65 bis unter 70 Jahre,
2011,Prozent,Weiblich,65 bis unter 70 Jahre,
2012,Prozent,Weiblich,65 bis unter 70 Jahre,
2014,Prozent,Weiblich,65 bis unter 70 Jahre,
2015,Prozent,Weiblich,65 bis unter 70 Jahre,
2016,Prozent,Weiblich,65 bis unter 70 Jahre,
2018,Prozent,Weiblich,65 bis unter 70 Jahre,
2019,Prozent,Weiblich,65 bis unter 70 Jahre,
2020,Prozent,Weiblich,65 bis unter 70 Jahre,
1999,Prozent,Weiblich,70 bis unter 75 Jahre,
2003,Prozent,Weiblich,70 bis unter 75 Jahre,
2005,Prozent,Weiblich,70 bis unter 75 Jahre,
2009,Prozent,Weiblich,70 bis unter 75 Jahre,
2013,Prozent,Weiblich,70 bis unter 75 Jahre,19.42
2017,Prozent,Weiblich,70 bis unter 75 Jahre,19.855
2021,Prozent,Weiblich,70 bis unter 75 Jahre,20.051
2000,Prozent,Weiblich,70 bis unter 75 Jahre,
2001,Prozent,Weiblich,70 bis unter 75 Jahre,
2002,Prozent,Weiblich,70 bis unter 75 Jahre,
2004,Prozent,Weiblich,70 bis unter 75 Jahre,
2006,Prozent,Weiblich,70 bis unter 75 Jahre,
2007,Prozent,Weiblich,70 bis unter 75 Jahre,
2008,Prozent,Weiblich,70 bis unter 75 Jahre,
2010,Prozent,Weiblich,70 bis unter 75 Jahre,
2011,Prozent,Weiblich,70 bis unter 75 Jahre,
2012,Prozent,Weiblich,70 bis unter 75 Jahre,
2014,Prozent,Weiblich,70 bis unter 75 Jahre,
2015,Prozent,Weiblich,70 bis unter 75 Jahre,
2016,Prozent,Weiblich,70 bis unter 75 Jahre,
2018,Prozent,Weiblich,70 bis unter 75 Jahre,
2019,Prozent,Weiblich,70 bis unter 75 Jahre,
2020,Prozent,Weiblich,70 bis unter 75 Jahre,
1999,Prozent,Weiblich,75 Jahre und älter,
2003,Prozent,Weiblich,75 Jahre und älter,
2005,Prozent,Weiblich,75 Jahre und älter,
2009,Prozent,Weiblich,75 Jahre und älter,
2013,Prozent,Weiblich,75 Jahre und älter,17.941
2017,Prozent,Weiblich,75 Jahre und älter,18.029
2021,Prozent,Weiblich,75 Jahre und älter,16.274
2000,Prozent,Weiblich,75 Jahre und älter,
2001,Prozent,Weiblich,75 Jahre und älter,
2002,Prozent,Weiblich,75 Jahre und älter,
2004,Prozent,Weiblich,75 Jahre und älter,
2006,Prozent,Weiblich,75 Jahre und älter,
2007,Prozent,Weiblich,75 Jahre und älter,
2008,Prozent,Weiblich,75 Jahre und älter,
2010,Prozent,Weiblich,75 Jahre und älter,
2011,Prozent,Weiblich,75 Jahre und älter,
2012,Prozent,Weiblich,75 Jahre und älter,
2014,Prozent,Weiblich,75 Jahre und älter,
2015,Prozent,Weiblich,75 Jahre und älter,
2016,Prozent,Weiblich,75 Jahre und älter,
2018,Prozent,Weiblich,75 Jahre und älter,
2019,Prozent,Weiblich,75 Jahre und älter,
2020,Prozent,Weiblich,75 Jahre und älter,
1999,Prozent,Männlich,,11.1
2003,Prozent,Männlich,,12.3
2005,Prozent,Männlich,,13.0
2009,Prozent,Männlich,,14.2
2013,Prozent,Männlich,,15.4
2017,Prozent,Männlich,,16.416
2021,Prozent,Männlich,,17.298
2000,Prozent,Männlich,,
2001,Prozent,Männlich,,
2002,Prozent,Männlich,,
2004,Prozent,Männlich,,
2006,Prozent,Männlich,,
2007,Prozent,Männlich,,
2008,Prozent,Männlich,,
2010,Prozent,Männlich,,
2011,Prozent,Männlich,,
2012,Prozent,Männlich,,
2014,Prozent,Männlich,,
2015,Prozent,Männlich,,
2016,Prozent,Männlich,,
2018,Prozent,Männlich,,
2019,Prozent,Männlich,,
2020,Prozent,Männlich,,
1999,Prozent,Männlich,18 bis unter 20 Jahre,
2003,Prozent,Männlich,18 bis unter 20 Jahre,
2005,Prozent,Männlich,18 bis unter 20 Jahre,
2009,Prozent,Männlich,18 bis unter 20 Jahre,
2013,Prozent,Männlich,18 bis unter 20 Jahre,4.058
2017,Prozent,Männlich,18 bis unter 20 Jahre,4.955
2021,Prozent,Männlich,18 bis unter 20 Jahre,6.553
2000,Prozent,Männlich,18 bis unter 20 Jahre,
2001,Prozent,Männlich,18 bis unter 20 Jahre,
2002,Prozent,Männlich,18 bis unter 20 Jahre,
2004,Prozent,Männlich,18 bis unter 20 Jahre,
2006,Prozent,Männlich,18 bis unter 20 Jahre,
2007,Prozent,Männlich,18 bis unter 20 Jahre,
2008,Prozent,Männlich,18 bis unter 20 Jahre,
2010,Prozent,Männlich,18 bis unter 20 Jahre,
2011,Prozent,Männlich,18 bis unter 20 Jahre,
2012,Prozent,Männlich,18 bis unter 20 Jahre,
2014,Prozent,Männlich,18 bis unter 20 Jahre,
2015,Prozent,Männlich,18 bis unter 20 Jahre,
2016,Prozent,Männlich,18 bis unter 20 Jahre,
2018,Prozent,Männlich,18 bis unter 20 Jahre,
2019,Prozent,Männlich,18 bis unter 20 Jahre,
2020,Prozent,Männlich,18 bis unter 20 Jahre,
1999,Prozent,Männlich,20 bis unter 25 Jahre,
2003,Prozent,Männlich,20 bis unter 25 Jahre,
2005,Prozent,Männlich,20 bis unter 25 Jahre,
2009,Prozent,Männlich,20 bis unter 25 Jahre,
2013,Prozent,Männlich,20 bis unter 25 Jahre,6.166
2017,Prozent,Männlich,20 bis unter 25 Jahre,6.973
2021,Prozent,Männlich,20 bis unter 25 Jahre,7.308
2000,Prozent,Männlich,20 bis unter 25 Jahre,
2001,Prozent,Männlich,20 bis unter 25 Jahre,
2002,Prozent,Männlich,20 bis unter 25 Jahre,
2004,Prozent,Männlich,20 bis unter 25 Jahre,
2006,Prozent,Männlich,20 bis unter 25 Jahre,
2007,Prozent,Männlich,20 bis unter 25 Jahre,
2008,Prozent,Männlich,20 bis unter 25 Jahre,
2010,Prozent,Männlich,20 bis unter 25 Jahre,
2011,Prozent,Männlich,20 bis unter 25 Jahre,
2012,Prozent,Männlich,20 bis unter 25 Jahre,
2014,Prozent,Männlich,20 bis unter 25 Jahre,
2015,Prozent,Männlich,20 bis unter 25 Jahre,
2016,Prozent,Männlich,20 bis unter 25 Jahre,
2018,Prozent,Männlich,20 bis unter 25 Jahre,
2019,Prozent,Männlich,20 bis unter 25 Jahre,
2020,Prozent,Männlich,20 bis unter 25 Jahre,
1999,Prozent,Männlich,25 bis unter 30 Jahre,
2003,Prozent,Männlich,25 bis unter 30 Jahre,
2005,Prozent,Männlich,25 bis unter 30 Jahre,
2009,Prozent,Männlich,25 bis unter 30 Jahre,
2013,Prozent,Männlich,25 bis unter 30 Jahre,8.808
2017,Prozent,Männlich,25 bis unter 30 Jahre,10.569
2021,Prozent,Männlich,25 bis unter 30 Jahre,12.572
2000,Prozent,Männlich,25 bis unter 30 Jahre,
2001,Prozent,Männlich,25 bis unter 30 Jahre,
2002,Prozent,Männlich,25 bis unter 30 Jahre,
2004,Prozent,Männlich,25 bis unter 30 Jahre,
2006,Prozent,Männlich,25 bis unter 30 Jahre,
2007,Prozent,Männlich,25 bis unter 30 Jahre,
2008,Prozent,Männlich,25 bis unter 30 Jahre,
2010,Prozent,Männlich,25 bis unter 30 Jahre,
2011,Prozent,Männlich,25 bis unter 30 Jahre,
2012,Prozent,Männlich,25 bis unter 30 Jahre,
2014,Prozent,Männlich,25 bis unter 30 Jahre,
2015,Prozent,Männlich,25 bis unter 30 Jahre,
2016,Prozent,Männlich,25 bis unter 30 Jahre,
2018,Prozent,Männlich,25 bis unter 30 Jahre,
2019,Prozent,Männlich,25 bis unter 30 Jahre,
2020,Prozent,Männlich,25 bis unter 30 Jahre,
1999,Prozent,Männlich,30 bis unter 35 Jahre,
2003,Prozent,Männlich,30 bis unter 35 Jahre,
2005,Prozent,Männlich,30 bis unter 35 Jahre,
2009,Prozent,Männlich,30 bis unter 35 Jahre,
2013,Prozent,Männlich,30 bis unter 35 Jahre,12.162
2017,Prozent,Männlich,30 bis unter 35 Jahre,13.395
2021,Prozent,Männlich,30 bis unter 35 Jahre,15.416
2000,Prozent,Männlich,30 bis unter 35 Jahre,
2001,Prozent,Männlich,30 bis unter 35 Jahre,
2002,Prozent,Männlich,30 bis unter 35 Jahre,
2004,Prozent,Männlich,30 bis unter 35 Jahre,
2006,Prozent,Männlich,30 bis unter 35 Jahre,
2007,Prozent,Männlich,30 bis unter 35 Jahre,
2008,Prozent,Männlich,30 bis unter 35 Jahre,
2010,Prozent,Männlich,30 bis unter 35 Jahre,
2011,Prozent,Männlich,30 bis unter 35 Jahre,
2012,Prozent,Männlich,30 bis unter 35 Jahre,
2014,Prozent,Männlich,30 bis unter 35 Jahre,
2015,Prozent,Männlich,30 bis unter 35 Jahre,
2016,Prozent,Männlich,30 bis unter 35 Jahre,
2018,Prozent,Männlich,30 bis unter 35 Jahre,
2019,Prozent,Männlich,30 bis unter 35 Jahre,
2020,Prozent,Männlich,30 bis unter 35 Jahre,
1999,Prozent,Männlich,35 bis unter 40 Jahre,
2003,Prozent,Männlich,35 bis unter 40 Jahre,
2005,Prozent,Männlich,35 bis unter 40 Jahre,
2009,Prozent,Männlich,35 bis unter 40 Jahre,
2013,Prozent,Männlich,35 bis unter 40 Jahre,14.883
2017,Prozent,Männlich,35 bis unter 40 Jahre,15.493
2021,Prozent,Männlich,35 bis unter 40 Jahre,17.247
2000,Prozent,Männlich,35 bis unter 40 Jahre,
2001,Prozent,Männlich,35 bis unter 40 Jahre,
2002,Prozent,Männlich,35 bis unter 40 Jahre,
2004,Prozent,Männlich,35 bis unter 40 Jahre,
2006,Prozent,Männlich,35 bis unter 40 Jahre,
2007,Prozent,Männlich,35 bis unter 40 Jahre,
2008,Prozent,Männlich,35 bis unter 40 Jahre,
2010,Prozent,Männlich,35 bis unter 40 Jahre,
2011,Prozent,Männlich,35 bis unter 40 Jahre,
2012,Prozent,Männlich,35 bis unter 40 Jahre,
2014,Prozent,Männlich,35 bis unter 40 Jahre,
2015,Prozent,Männlich,35 bis unter 40 Jahre,
2016,Prozent,Männlich,35 bis unter 40 Jahre,
2018,Prozent,Männlich,35 bis unter 40 Jahre,
2019,Prozent,Männlich,35 bis unter 40 Jahre,
2020,Prozent,Männlich,35 bis unter 40 Jahre,
1999,Prozent,Männlich,40 bis unter 45 Jahre,
2003,Prozent,Männlich,40 bis unter 45 Jahre,
2005,Prozent,Männlich,40 bis unter 45 Jahre,
2009,Prozent,Männlich,40 bis unter 45 Jahre,
2013,Prozent,Männlich,40 bis unter 45 Jahre,16.774
2017,Prozent,Männlich,40 bis unter 45 Jahre,18.725
2021,Prozent,Männlich,40 bis unter 45 Jahre,19.522
2000,Prozent,Männlich,40 bis unter 45 Jahre,
2001,Prozent,Männlich,40 bis unter 45 Jahre,
2002,Prozent,Männlich,40 bis unter 45 Jahre,
2004,Prozent,Männlich,40 bis unter 45 Jahre,
2006,Prozent,Männlich,40 bis unter 45 Jahre,
2007,Prozent,Männlich,40 bis unter 45 Jahre,
2008,Prozent,Männlich,40 bis unter 45 Jahre,
2010,Prozent,Männlich,40 bis unter 45 Jahre,
2011,Prozent,Männlich,40 bis unter 45 Jahre,
2012,Prozent,Männlich,40 bis unter 45 Jahre,
2014,Prozent,Männlich,40 bis unter 45 Jahre,
2015,Prozent,Männlich,40 bis unter 45 Jahre,
2016,Prozent,Männlich,40 bis unter 45 Jahre,
2018,Prozent,Männlich,40 bis unter 45 Jahre,
2019,Prozent,Männlich,40 bis unter 45 Jahre,
2020,Prozent,Männlich,40 bis unter 45 Jahre,
1999,Prozent,Männlich,45 bis unter 50 Jahre,
2003,Prozent,Männlich,45 bis unter 50 Jahre,
2005,Prozent,Männlich,45 bis unter 50 Jahre,
2009,Prozent,Männlich,45 bis unter 50 Jahre,
2013,Prozent,Männlich,45 bis unter 50 Jahre,17.912
2017,Prozent,Männlich,45 bis unter 50 Jahre,19.369
2021,Prozent,Männlich,45 bis unter 50 Jahre,23.49
2000,Prozent,Männlich,45 bis unter 50 Jahre,
2001,Prozent,Männlich,45 bis unter 50 Jahre,
2002,Prozent,Männlich,45 bis unter 50 Jahre,
2004,Prozent,Männlich,45 bis unter 50 Jahre,
2006,Prozent,Männlich,45 bis unter 50 Jahre,
2007,Prozent,Männlich,45 bis unter 50 Jahre,
2008,Prozent,Männlich,45 bis unter 50 Jahre,
2010,Prozent,Männlich,45 bis unter 50 Jahre,
2011,Prozent,Männlich,45 bis unter 50 Jahre,
2012,Prozent,Männlich,45 bis unter 50 Jahre,
2014,Prozent,Männlich,45 bis unter 50 Jahre,
2015,Prozent,Männlich,45 bis unter 50 Jahre,
2016,Prozent,Männlich,45 bis unter 50 Jahre,
2018,Prozent,Männlich,45 bis unter 50 Jahre,
2019,Prozent,Männlich,45 bis unter 50 Jahre,
2020,Prozent,Männlich,45 bis unter 50 Jahre,
1999,Prozent,Männlich,50 bis unter 55 Jahre,
2003,Prozent,Männlich,50 bis unter 55 Jahre,
2005,Prozent,Männlich,50 bis unter 55 Jahre,
2009,Prozent,Männlich,50 bis unter 55 Jahre,
2013,Prozent,Männlich,50 bis unter 55 Jahre,20.19
2017,Prozent,Männlich,50 bis unter 55 Jahre,20.941
2021,Prozent,Männlich,50 bis unter 55 Jahre,21.825
2000,Prozent,Männlich,50 bis unter 55 Jahre,
2001,Prozent,Männlich,50 bis unter 55 Jahre,
2002,Prozent,Männlich,50 bis unter 55 Jahre,
2004,Prozent,Männlich,50 bis unter 55 Jahre,
2006,Prozent,Männlich,50 bis unter 55 Jahre,
2007,Prozent,Männlich,50 bis unter 55 Jahre,
2008,Prozent,Männlich,50 bis unter 55 Jahre,
2010,Prozent,Männlich,50 bis unter 55 Jahre,
2011,Prozent,Männlich,50 bis unter 55 Jahre,
2012,Prozent,Männlich,50 bis unter 55 Jahre,
2014,Prozent,Männlich,50 bis unter 55 Jahre,
2015,Prozent,Männlich,50 bis unter 55 Jahre,
2016,Prozent,Männlich,50 bis unter 55 Jahre,
2018,Prozent,Männlich,50 bis unter 55 Jahre,
2019,Prozent,Männlich,50 bis unter 55 Jahre,
2020,Prozent,Männlich,50 bis unter 55 Jahre,
1999,Prozent,Männlich,55 bis unter 60 Jahre,
2003,Prozent,Männlich,55 bis unter 60 Jahre,
2005,Prozent,Männlich,55 bis unter 60 Jahre,
2009,Prozent,Männlich,55 bis unter 60 Jahre,
2013,Prozent,Männlich,55 bis unter 60 Jahre,22.595
2017,Prozent,Männlich,55 bis unter 60 Jahre,22.571
2021,Prozent,Männlich,55 bis unter 60 Jahre,22.302
2000,Prozent,Männlich,55 bis unter 60 Jahre,
2001,Prozent,Männlich,55 bis unter 60 Jahre,
2002,Prozent,Männlich,55 bis unter 60 Jahre,
2004,Prozent,Männlich,55 bis unter 60 Jahre,
2006,Prozent,Männlich,55 bis unter 60 Jahre,
2007,Prozent,Männlich,55 bis unter 60 Jahre,
2008,Prozent,Männlich,55 bis unter 60 Jahre,
2010,Prozent,Männlich,55 bis unter 60 Jahre,
2011,Prozent,Männlich,55 bis unter 60 Jahre,
2012,Prozent,Männlich,55 bis unter 60 Jahre,
2014,Prozent,Männlich,55 bis unter 60 Jahre,
2015,Prozent,Männlich,55 bis unter 60 Jahre,
2016,Prozent,Männlich,55 bis unter 60 Jahre,
2018,Prozent,Männlich,55 bis unter 60 Jahre,
2019,Prozent,Männlich,55 bis unter 60 Jahre,
2020,Prozent,Männlich,55 bis unter 60 Jahre,
1999,Prozent,Männlich,60 bis unter 65 Jahre,
2003,Prozent,Männlich,60 bis unter 65 Jahre,
2005,Prozent,Männlich,60 bis unter 65 Jahre,
2009,Prozent,Männlich,60 bis unter 65 Jahre,
2013,Prozent,Männlich,60 bis unter 65 Jahre,24.674
2017,Prozent,Männlich,60 bis unter 65 Jahre,24.454
2021,Prozent,Männlich,60 bis unter 65 Jahre,23.474
2000,Prozent,Männlich,60 bis unter 65 Jahre,
2001,Prozent,Männlich,60 bis unter 65 Jahre,
2002,Prozent,Männlich,60 bis unter 65 Jahre,
2004,Prozent,Männlich,60 bis unter 65 Jahre,
2006,Prozent,Männlich,60 bis unter 65 Jahre,
2007,Prozent,Männlich,60 bis unter 65 Jahre,
2008,Prozent,Männlich,60 bis unter 65 Jahre,
2010,Prozent,Männlich,60 bis unter 65 Jahre,
2011,Prozent,Männlich,60 bis unter 65 Jahre,
2012,Prozent,Männlich,60 bis unter 65 Jahre,
2014,Prozent,Männlich,60 bis unter 65 Jahre,
2015,Prozent,Männlich,60 bis unter 65 Jahre,
2016,Prozent,Männlich,60 bis unter 65 Jahre,
2018,Prozent,Männlich,60 bis unter 65 Jahre,
2019,Prozent,Männlich,60 bis unter 65 Jahre,
2020,Prozent,Männlich,60 bis unter 65 Jahre,
1999,Prozent,Männlich,65 bis unter 70 Jahre,
2003,Prozent,Männlich,65 bis unter 70 Jahre,
2005,Prozent,Männlich,65 bis unter 70 Jahre,
2009,Prozent,Männlich,65 bis unter 70 Jahre,
2013,Prozent,Männlich,65 bis unter 70 Jahre,23.634
2017,Prozent,Männlich,65 bis unter 70 Jahre,25.324
2021,Prozent,Männlich,65 bis unter 70 Jahre,23.024
2000,Prozent,Männlich,65 bis unter 70 Jahre,
2001,Prozent,Männlich,65 bis unter 70 Jahre,
2002,Prozent,Männlich,65 bis unter 70 Jahre,
2004,Prozent,Männlich,65 bis unter 70 Jahre,
2006,Prozent,Männlich,65 bis unter 70 Jahre,
2007,Prozent,Männlich,65 bis unter 70 Jahre,
2008,Prozent,Männlich,65 bis unter 70 Jahre,
2010,Prozent,Männlich,65 bis unter 70 Jahre,
2011,Prozent,Männlich,65 bis unter 70 Jahre,
2012,Prozent,Männlich,65 bis unter 70 Jahre,
2014,Prozent,Männlich,65 bis unter 70 Jahre,
2015,Prozent,Männlich,65 bis unter 70 Jahre,
2016,Prozent,Männlich,65 bis unter 70 Jahre,
2018,Prozent,Männlich,65 bis unter 70 Jahre,
2019,Prozent,Männlich,65 bis unter 70 Jahre,
2020,Prozent,Männlich,65 bis unter 70 Jahre,
1999,Prozent,Männlich,70 bis unter 75 Jahre,
2003,Prozent,Männlich,70 bis unter 75 Jahre,
2005,Prozent,Männlich,70 bis unter 75 Jahre,
2009,Prozent,Männlich,70 bis unter 75 Jahre,
2013,Prozent,Männlich,70 bis unter 75 Jahre,21.188
2017,Prozent,Männlich,70 bis unter 75 Jahre,22.585
2021,Prozent,Männlich,70 bis unter 75 Jahre,22.602
2000,Prozent,Männlich,70 bis unter 75 Jahre,
2001,Prozent,Männlich,70 bis unter 75 Jahre,
2002,Prozent,Männlich,70 bis unter 75 Jahre,
2004,Prozent,Männlich,70 bis unter 75 Jahre,
2006,Prozent,Männlich,70 bis unter 75 Jahre,
2007,Prozent,Männlich,70 bis unter 75 Jahre,
2008,Prozent,Männlich,70 bis unter 75 Jahre,
2010,Prozent,Männlich,70 bis unter 75 Jahre,
2011,Prozent,Männlich,70 bis unter 75 Jahre,
2012,Prozent,Männlich,70 bis unter 75 Jahre,
2014,Prozent,Männlich,70 bis unter 75 Jahre,
2015,Prozent,Männlich,70 bis unter 75 Jahre,
2016,Prozent,Männlich,70 bis unter 75 Jahre,
2018,Prozent,Männlich,70 bis unter 75 Jahre,
2019,Prozent,Männlich,70 bis unter 75 Jahre,
2020,Prozent,Männlich,70 bis unter 75 Jahre,
1999,Prozent,Männlich,75 Jahre und älter,
2003,Prozent,Männlich,75 Jahre und älter,
2005,Prozent,Männlich,75 Jahre und älter,
2009,Prozent,Männlich,75 Jahre und älter,
2013,Prozent,Männlich,75 Jahre und älter,16.689
2017,Prozent,Männlich,75 Jahre und älter,17.586
2021,Prozent,Männlich,75 Jahre und älter,16.147
2000,Prozent,Männlich,75 Jahre und älter,
2001,Prozent,Männlich,75 Jahre und älter,
2002,Prozent,Männlich,75 Jahre und älter,
2004,Prozent,Männlich,75 Jahre und älter,
2006,Prozent,Männlich,75 Jahre und älter,
2007,Prozent,Männlich,75 Jahre und älter,
2008,Prozent,Männlich,75 Jahre und älter,
2010,Prozent,Männlich,75 Jahre und älter,
2011,Prozent,Männlich,75 Jahre und älter,
2012,Prozent,Männlich,75 Jahre und älter,
2014,Prozent,Männlich,75 Jahre und älter,
2015,Prozent,Männlich,75 Jahre und älter,
2016,Prozent,Männlich,75 Jahre und älter,
2018,Prozent,Männlich,75 Jahre und älter,
2019,Prozent,Männlich,75 Jahre und älter,
2020,Prozent,Männlich,75 Jahre und älter,
