Year,Units,xxxsektoren,Value
1991,percentage,,2.4
1992,percentage,,2.28
1993,percentage,,2.21
1994,percentage,,2.13
1995,percentage,,2.13
1996,percentage,,2.15
1997,percentage,,2.18
1998,percentage,,2.25
1999,percentage,,2.33
2000,percentage,,2.39
2001,percentage,,2.38
2002,percentage,,2.41
2003,percentage,,2.44
2004,percentage,,2.4
2005,percentage,,2.4
2006,percentage,,2.43
2007,percentage,,2.42
2008,percentage,,2.57
2009,percentage,,2.69
2010,percentage,,2.68
2011,percentage,,2.75
2012,percentage,,2.82
2013,percentage,,2.78
2014,percentage,,2.82
2015,percentage,,2.88
2016,percentage,,2.88
2017,percentage,,2.99
2018,percentage,,3.05
2019,percentage,,3.11
2020,percentage,,3.09
2021,percentage,,3.08
2022,percentage,,3.07
2025,percentage,,
1991,percentage,xxxstaat und private institutionen ohne erwerbszweck,
1992,percentage,xxxstaat und private institutionen ohne erwerbszweck,
1993,percentage,xxxstaat und private institutionen ohne erwerbszweck,
1994,percentage,xxxstaat und private institutionen ohne erwerbszweck,
1995,percentage,xxxstaat und private institutionen ohne erwerbszweck,0.33
1996,percentage,xxxstaat und private institutionen ohne erwerbszweck,
1997,percentage,xxxstaat und private institutionen ohne erwerbszweck,0.32
1998,percentage,xxxstaat und private institutionen ohne erwerbszweck,
1999,percentage,xxxstaat und private institutionen ohne erwerbszweck,0.32
2000,percentage,xxxstaat und private institutionen ohne erwerbszweck,0.32
2001,percentage,xxxstaat und private institutionen ohne erwerbszweck,0.33
2002,percentage,xxxstaat und private institutionen ohne erwerbszweck,0.33
2003,percentage,xxxstaat und private institutionen ohne erwerbszweck,0.33
2004,percentage,xxxstaat und private institutionen ohne erwerbszweck,0.33
2005,percentage,xxxstaat und private institutionen ohne erwerbszweck,0.34
2006,percentage,xxxstaat und private institutionen ohne erwerbszweck,0.34
2007,percentage,xxxstaat und private institutionen ohne erwerbszweck,0.34
2008,percentage,xxxstaat und private institutionen ohne erwerbszweck,0.36
2009,percentage,xxxstaat und private institutionen ohne erwerbszweck,0.4
2010,percentage,xxxstaat und private institutionen ohne erwerbszweck,0.4
2011,percentage,xxxstaat und private institutionen ohne erwerbszweck,0.4
2012,percentage,xxxstaat und private institutionen ohne erwerbszweck,0.4
2013,percentage,xxxstaat und private institutionen ohne erwerbszweck,0.41
2014,percentage,xxxstaat und private institutionen ohne erwerbszweck,0.41
2015,percentage,xxxstaat und private institutionen ohne erwerbszweck,0.4
2016,percentage,xxxstaat und private institutionen ohne erwerbszweck,0.4
2017,percentage,xxxstaat und private institutionen ohne erwerbszweck,0.4
2018,percentage,xxxstaat und private institutionen ohne erwerbszweck,0.41
2019,percentage,xxxstaat und private institutionen ohne erwerbszweck,0.42
2020,percentage,xxxstaat und private institutionen ohne erwerbszweck,0.45
2021,percentage,xxxstaat und private institutionen ohne erwerbszweck,0.46
2022,percentage,xxxstaat und private institutionen ohne erwerbszweck,0.45
2025,percentage,xxxstaat und private institutionen ohne erwerbszweck,
1991,percentage,xxxhochschulen,
1992,percentage,xxxhochschulen,
1993,percentage,xxxhochschulen,
1994,percentage,xxxhochschulen,
1995,percentage,xxxhochschulen,0.39
1996,percentage,xxxhochschulen,
1997,percentage,xxxhochschulen,0.39
1998,percentage,xxxhochschulen,
1999,percentage,xxxhochschulen,0.39
2000,percentage,xxxhochschulen,0.39
2001,percentage,xxxhochschulen,0.4
2002,percentage,xxxhochschulen,0.42
2003,percentage,xxxhochschulen,0.42
2004,percentage,xxxhochschulen,0.4
2005,percentage,xxxhochschulen,0.4
2006,percentage,xxxhochschulen,0.4
2007,percentage,xxxhochschulen,0.39
2008,percentage,xxxhochschulen,0.43
2009,percentage,xxxhochschulen,0.48
2010,percentage,xxxhochschulen,0.49
2011,percentage,xxxhochschulen,0.49
2012,percentage,xxxhochschulen,0.5
2013,percentage,xxxhochschulen,0.5
2014,percentage,xxxhochschulen,0.5
2015,percentage,xxxhochschulen,0.5
2016,percentage,xxxhochschulen,0.52
2017,percentage,xxxhochschulen,0.52
2018,percentage,xxxhochschulen,0.54
2019,percentage,xxxhochschulen,0.54
2020,percentage,xxxhochschulen,0.58
2021,percentage,xxxhochschulen,0.56
2022,percentage,xxxhochschulen,0.56
2025,percentage,xxxhochschulen,
1991,percentage,xxxwirtschaft,
1992,percentage,xxxwirtschaft,
1993,percentage,xxxwirtschaft,
1994,percentage,xxxwirtschaft,
1995,percentage,xxxwirtschaft,1.41
1996,percentage,xxxwirtschaft,
1997,percentage,xxxwirtschaft,1.41
1998,percentage,xxxwirtschaft,
1999,percentage,xxxwirtschaft,1.62
2000,percentage,xxxwirtschaft,1.67
2001,percentage,xxxwirtschaft,1.65
2002,percentage,xxxwirtschaft,1.66
2003,percentage,xxxwirtschaft,1.7
2004,percentage,xxxwirtschaft,1.67
2005,percentage,xxxwirtschaft,1.66
2006,percentage,xxxwirtschaft,1.7
2007,percentage,xxxwirtschaft,1.69
2008,percentage,xxxwirtschaft,1.78
2009,percentage,xxxwirtschaft,1.81
2010,percentage,xxxwirtschaft,1.79
2011,percentage,xxxwirtschaft,1.86
2012,percentage,xxxwirtschaft,1.92
2013,percentage,xxxwirtschaft,1.87
2014,percentage,xxxwirtschaft,1.91
2015,percentage,xxxwirtschaft,1.98
2016,percentage,xxxwirtschaft,1.97
2017,percentage,xxxwirtschaft,2.06
2018,percentage,xxxwirtschaft,2.1
2019,percentage,xxxwirtschaft,2.15
2020,percentage,xxxwirtschaft,2.06
2021,percentage,xxxwirtschaft,2.06
2022,percentage,xxxwirtschaft,2.07
2025,percentage,xxxwirtschaft,
